{"cameraMode":{"drawMode":0,"name":"Shaded","section":"Shading Mode"},"sceneLighting":false,"audioPlay":false,"sceneViewState":{"m_AlwaysRefresh":false,"showFog":true,"showSkybox":false,"showFlares":true,"showImageEffects":true,"showParticleSystems":true,"showVisualEffectGraphs":true,"m_FxEnabled":true},"in2DMode":false,"pivot":{"x":-8.222076416015625,"y":0.11999988555908203,"z":-6.977151870727539},"rotation":{"x":0.054161906242370608,"y":-0.9454222321510315,"z":0.24130286276340486,"w":0.2122056782245636},"size":2.872281312942505,"orthographic":false}